"","Stationnumber","weekday","Rideoutminusin"
"1","30000","Fri",-0.21563981042654
"2","30000","Mon",-0.138743455497382
"3","30000","Sat",-0.0586907449209932
"4","30000","Sun",-0.287735849056604
"5","30000","Thu",-0.299727520435967
"6","30000","Tue",-0.170798898071625
"7","30000","Wed",-0.0899470899470899
"8","30001","Fri",-0.169811320754717
"9","30001","Mon",-0.093984962406015
"10","30001","Sat",-0.0126582278481013
"11","30001","Sun",-0.0811965811965812
"12","30001","Thu",-0.205128205128205
"13","30001","Tue",-0.287037037037037
"14","30001","Wed",-0.133891213389121
"15","30002","Fri",0.0232558139534884
"16","30002","Mon",-0.109215017064846
"17","30002","Sat",0.0112359550561798
"18","30002","Sun",-0.00564971751412429
"19","30002","Thu",0.00651465798045603
"20","30002","Tue",0.0231788079470199
"21","30002","Wed",-0.0173410404624277
"22","30003","Fri",0.0930232558139535
"23","30003","Mon",0.0357142857142857
"24","30003","Sat",0.196969696969697
"25","30003","Sun",-0.115384615384615
"26","30003","Thu",0.0222222222222222
"27","30003","Tue",-0.175675675675676
"28","30003","Wed",-0.0208333333333333
"29","30004","Fri",0.176178660049628
"30","30004","Mon",0.184538653366584
"31","30004","Sat",0.2152466367713
"32","30004","Sun",0.20935960591133
"33","30004","Thu",0.0798004987531172
"34","30004","Tue",0.202046035805627
"35","30004","Wed",0.159090909090909
"36","30005","Fri",-0.145945945945946
"37","30005","Mon",-0.0498533724340176
"38","30005","Sat",-0.170087976539589
"39","30005","Sun",-0.130434782608696
"40","30005","Thu",-0.0534591194968553
"41","30005","Tue",-0.0894039735099338
"42","30005","Wed",-0.0692771084337349
"43","30006","Fri",-0.00286532951289398
"44","30006","Mon",0.26647564469914
"45","30006","Sat",0.169971671388102
"46","30006","Sun",0.0161812297734628
"47","30006","Thu",0.190201729106628
"48","30006","Tue",0.178082191780822
"49","30006","Wed",0.208108108108108
"50","30007","Fri",0.0231788079470199
"51","30007","Mon",0.0527950310559006
"52","30007","Sat",0.12565445026178
"53","30007","Sun",0.050561797752809
"54","30007","Thu",-0.0193548387096774
"55","30007","Tue",-0.0214723926380368
"56","30007","Wed",-0.0196078431372549
"57","30008","Fri",-0.0217391304347826
"58","30008","Mon",0.0365853658536585
"59","30008","Sat",0.0815602836879433
"60","30008","Sun",-0.0183150183150183
"61","30008","Thu",0.0259259259259259
"62","30008","Tue",-0.0731707317073171
"63","30008","Wed",0.0216606498194946
"64","30009","Fri",0.195612431444241
"65","30009","Mon",0.233140655105973
"66","30009","Sat",-0.0376647834274953
"67","30009","Sun",-0.0274725274725275
"68","30009","Thu",0.182656826568266
"69","30009","Tue",0.0685714285714286
"70","30009","Wed",0.243445692883895
"71","30010","Fri",0.214953271028037
"72","30010","Mon",0.130573248407643
"73","30010","Sat",0.0577617328519856
"74","30010","Sun",0.0723684210526316
"75","30010","Thu",0.177215189873418
"76","30010","Tue",0.107692307692308
"77","30010","Wed",0.0864553314121038
"78","30011","Fri",0.362660944206009
"79","30011","Mon",0.252927400468384
"80","30011","Sat",0.219399538106236
"81","30011","Sun",0.0205949656750572
"82","30011","Thu",0.348130841121495
"83","30011","Tue",0.194029850746269
"84","30011","Wed",0.293838862559242
"85","30012","Fri",0.0375586854460094
"86","30012","Mon",0.0486725663716814
"87","30012","Sat",0.187739463601533
"88","30012","Sun",-0.122950819672131
"89","30012","Thu",0.0946502057613169
"90","30012","Tue",-0.0474137931034483
"91","30012","Wed",-0.0166666666666667
"92","30013","Fri",-0.184438040345821
"93","30013","Mon",0.0303951367781155
"94","30013","Sat",0.0123456790123457
"95","30013","Sun",0.115577889447236
"96","30013","Thu",-0.0803858520900322
"97","30013","Tue",-0.235690235690236
"98","30013","Wed",-0.168284789644013
"99","30014","Fri",0.0769230769230769
"100","30014","Mon",0.063013698630137
"101","30014","Sat",0.0232558139534884
"102","30014","Sun",0.0582191780821918
"103","30014","Thu",-0.046875
"104","30014","Tue",-0.0106951871657754
"105","30014","Wed",0.0633245382585752
"106","30015","Fri",-0.0282608695652174
"107","30015","Mon",-0.087527352297593
"108","30015","Sat",-0.0158102766798419
"109","30015","Sun",0.0726872246696035
"110","30015","Thu",0
"111","30015","Tue",0.157303370786517
"112","30015","Wed",-0.0736842105263158
"113","30016","Fri",-0.0291970802919708
"114","30016","Mon",0.0210084033613445
"115","30016","Sat",-0.0479704797047971
"116","30016","Sun",0.0784313725490196
"117","30016","Thu",0.106122448979592
"118","30016","Tue",-0.0303030303030303
"119","30016","Wed",-0.0216450216450216
"120","30017","Fri",0.160975609756098
"121","30017","Mon",-0.0408163265306122
"122","30017","Sat",0.0911270983213429
"123","30017","Sun",-0.00950118764845606
"124","30017","Thu",0.0732984293193717
"125","30017","Tue",0.0890052356020942
"126","30017","Wed",0.129113924050633
"127","30018","Fri",-0.110091743119266
"128","30018","Mon",0.0153846153846154
"129","30018","Sat",0.0974842767295598
"130","30018","Sun",-0.243076923076923
"131","30018","Thu",-0.120274914089347
"132","30018","Tue",0.0264150943396226
"133","30018","Wed",-0.041044776119403
"134","30019","Fri",-0.0674418604651163
"135","30019","Mon",0.111374407582938
"136","30019","Sat",-0.0569395017793594
"137","30019","Sun",0.24901185770751
"138","30019","Thu",0.175555555555556
"139","30019","Tue",0.152619589977221
"140","30019","Wed",0.0972850678733032
"141","30020","Fri",0.0205761316872428
"142","30020","Mon",-0.0393700787401575
"143","30020","Sat",0.202614379084967
"144","30020","Sun",0.0911949685534591
"145","30020","Thu",-0.079295154185022
"146","30020","Tue",-0.139344262295082
"147","30020","Wed",-0.0344827586206897
"148","30021","Fri",-0.0772946859903382
"149","30021","Mon",0.0380434782608696
"150","30021","Sat",-0.00245098039215686
"151","30021","Sun",0.0599455040871935
"152","30021","Thu",-0.0353260869565217
"153","30021","Tue",0.0196629213483146
"154","30021","Wed",0.1
"155","30022","Fri",0.0588235294117647
"156","30022","Mon",0.109848484848485
"157","30022","Sat",0.201388888888889
"158","30022","Sun",-0.0334448160535117
"159","30022","Thu",0.06
"160","30022","Tue",0.0210970464135021
"161","30022","Wed",0.110204081632653
"162","30023","Fri",-0.0745341614906832
"163","30023","Mon",0.0272108843537415
"164","30023","Sat",0.0166666666666667
"165","30023","Sun",0.117647058823529
"166","30023","Thu",0.0909090909090909
"167","30023","Tue",0.112426035502959
"168","30023","Wed",-0.08125
"169","30024","Fri",0.293666026871401
"170","30024","Mon",0.299595141700405
"171","30024","Sat",0.303769401330377
"172","30024","Sun",0.346153846153846
"173","30024","Thu",0.180232558139535
"174","30024","Tue",0.224032586558045
"175","30024","Wed",0.409001956947162
"176","30025","Fri",-0.138655462184874
"177","30025","Mon",-0.174887892376682
"178","30025","Sat",0.0966666666666667
"179","30025","Sun",-0.0559440559440559
"180","30025","Thu",-0.0659574468085106
"181","30025","Tue",-0.0375782881002088
"182","30025","Wed",-0.119305856832972
"183","30026","Fri",-0.197247706422018
"184","30026","Mon",-0.0898345153664303
"185","30026","Sat",-0.0188679245283019
"186","30026","Sun",0.0730593607305936
"187","30026","Thu",-0.00898876404494382
"188","30026","Tue",-0.017353579175705
"189","30026","Wed",-0.106290672451193
"190","30027","Fri",-0.163972286374134
"191","30027","Mon",-0.108167770419426
"192","30027","Sat",-0.0841836734693878
"193","30027","Sun",-0.0686274509803922
"194","30027","Thu",-0.159737417943107
"195","30027","Tue",-0.176733780760626
"196","30027","Wed",-0.273684210526316
"197","30028","Fri",-0.0121580547112462
"198","30028","Mon",0.00636942675159236
"199","30028","Sat",0.201612903225806
"200","30028","Sun",0.148698884758364
"201","30028","Thu",-0.149717514124294
"202","30028","Tue",-0.101796407185629
"203","30028","Wed",-0.16374269005848
"204","30029","Fri",0.145669291338583
"205","30029","Mon",0.456967213114754
"206","30029","Sat",-0.0271739130434783
"207","30029","Sun",0.104790419161677
"208","30029","Thu",0.473790322580645
"209","30029","Tue",0.429141716566866
"210","30029","Wed",0.530451866404715
"211","30030","Fri",0.129464285714286
"212","30030","Mon",0.0118764845605701
"213","30030","Sat",0.0492957746478873
"214","30030","Sun",0.152061855670103
"215","30030","Thu",0.0418604651162791
"216","30030","Tue",-0.156818181818182
"217","30030","Wed",0.0201342281879195
"218","30031","Fri",-0.00526315789473684
"219","30031","Mon",0.143631436314363
"220","30031","Sat",0.134529147982063
"221","30031","Sun",0.0833333333333333
"222","30031","Thu",0.0703517587939698
"223","30031","Tue",0.178117048346056
"224","30031","Wed",0.132832080200501
"225","30032","Fri",0.0340909090909091
"226","30032","Mon",-0.0350467289719626
"227","30032","Sat",-0.201058201058201
"228","30032","Sun",-0.012012012012012
"229","30032","Thu",0.0566448801742919
"230","30032","Tue",0.0464601769911504
"231","30032","Wed",0.00434782608695652
"232","30033","Fri",-0.0480769230769231
"233","30033","Mon",-0.107142857142857
"234","30033","Sat",0
"235","30033","Sun",0.105590062111801
"236","30033","Thu",-0.176136363636364
"237","30033","Tue",-0.195348837209302
"238","30033","Wed",-0.053921568627451
"239","30034","Fri",-0.044392523364486
"240","30034","Mon",-0.15632183908046
"241","30034","Sat",-0.147798742138365
"242","30034","Sun",-0.13109756097561
"243","30034","Thu",-0.13317191283293
"244","30034","Tue",-0.193396226415094
"245","30034","Wed",-0.240825688073394
"246","30035","Fri",-0.111475409836066
"247","30035","Mon",0.00333333333333333
"248","30035","Sat",-0.122448979591837
"249","30035","Sun",0.0158227848101266
"250","30035","Thu",-0.0374149659863946
"251","30035","Tue",0.0945945945945946
"252","30035","Wed",-0.0830449826989619
"253","30036","Fri",0.199346405228758
"254","30036","Mon",0.249146757679181
"255","30036","Sat",0.119230769230769
"256","30036","Sun",0.341666666666667
"257","30036","Thu",0.174050632911392
"258","30036","Tue",0.142394822006472
"259","30036","Wed",0.175
"260","30037","Fri",0.212418300653595
"261","30037","Mon",0.0792079207920792
"262","30037","Sat",0.0184331797235023
"263","30037","Sun",-0.0729166666666667
"264","30037","Thu",0.0383386581469649
"265","30037","Tue",0.116438356164384
"266","30037","Wed",0.0586319218241042
"267","30038","Fri",0.105527638190955
"268","30038","Mon",0.100591715976331
"269","30038","Sat",-0.0211267605633803
"270","30038","Sun",0.0186915887850467
"271","30038","Thu",0.0823529411764706
"272","30038","Tue",0.0110497237569061
"273","30038","Wed",0.0867052023121387
"274","30039","Fri",0.0051413881748072
"275","30039","Mon",-0.0666666666666667
"276","30039","Sat",-0.023598820058997
"277","30039","Sun",0.0504731861198738
"278","30039","Thu",0.0190735694822888
"279","30039","Tue",-0.0891891891891892
"280","30039","Wed",-0.0227848101265823
"281","30040","Fri",-0.149746192893401
"282","30040","Mon",-0.275568181818182
"283","30040","Sat",0.016
"284","30040","Sun",0.0191256830601093
"285","30040","Thu",-0.274787535410765
"286","30040","Tue",-0.135294117647059
"287","30040","Wed",-0.128415300546448
"288","30041","Fri",0.091304347826087
"289","30041","Mon",0.0198412698412698
"290","30041","Sat",-0.0166666666666667
"291","30041","Sun",-0.00549450549450549
"292","30041","Thu",0.0532786885245902
"293","30041","Tue",0.0562770562770563
"294","30041","Wed",0.168103448275862
"295","30042","Fri",0.158301158301158
"296","30042","Mon",0.23454157782516
"297","30042","Sat",0.08
"298","30042","Sun",0.262773722627737
"299","30042","Thu",0.0561122244488978
"300","30042","Tue",0.300813008130081
"301","30042","Wed",0.161087866108787
"302","30043","Fri",-0.199335548172757
"303","30043","Mon",-0.126865671641791
"304","30043","Sat",0.144171779141104
"305","30043","Sun",-0.142061281337047
"306","30043","Thu",-0.166064981949458
"307","30043","Tue",-0.182926829268293
"308","30043","Wed",-0.183908045977011
"309","30044","Fri",0.158301158301158
"310","30044","Mon",-0.104693140794224
"311","30044","Sat",-0.176470588235294
"312","30044","Sun",0.189759036144578
"313","30044","Thu",-0.0588235294117647
"314","30044","Tue",0.0661157024793388
"315","30044","Wed",-0.109649122807018
"316","30045","Fri",-0.140243902439024
"317","30045","Mon",-0.241721854304636
"318","30045","Sat",0.0133779264214047
"319","30045","Sun",-0.027681660899654
"320","30045","Thu",-0.148367952522255
"321","30045","Tue",-0.0438871473354232
"322","30045","Wed",-0.127725856697819
"323","30046","Fri",0.249283667621777
"324","30046","Mon",0.148036253776435
"325","30046","Sat",0.0806916426512968
"326","30046","Sun",0.2508038585209
"327","30046","Thu",0.0192307692307692
"328","30046","Tue",0.249221183800623
"329","30046","Wed",0.164265129682997
"330","30047","Fri",-0.0377358490566038
"331","30047","Mon",-0.0866141732283465
"332","30047","Sat",-0.00669642857142857
"333","30047","Sun",0.132867132867133
"334","30047","Thu",-0.135204081632653
"335","30047","Tue",-0.123711340206186
"336","30047","Wed",-0.0685279187817259
"337","30048","Fri",-0.0457142857142857
"338","30048","Mon",-0.075
"339","30048","Sat",0.11878453038674
"340","30048","Sun",-0.0165289256198347
"341","30048","Thu",-0.0664652567975831
"342","30048","Tue",-0.117283950617284
"343","30048","Wed",-0.0279503105590062
"344","30049","Fri",-0.161290322580645
"345","30049","Mon",-0.358208955223881
"346","30049","Sat",0.00970873786407767
"347","30049","Sun",-0.101851851851852
"348","30049","Thu",-0.328571428571429
"349","30049","Tue",-0.231884057971014
"350","30049","Wed",-0.278481012658228
"351","30050","Fri",-0.0695067264573991
"352","30050","Mon",0.0329113924050633
"353","30050","Sat",0.306709265175719
"354","30050","Sun",0.0804953560371517
"355","30050","Thu",-0.0495495495495495
"356","30050","Tue",-0.125279642058166
"357","30050","Wed",0.0461215932914046
"358","30051","Fri",0.0275689223057644
"359","30051","Mon",0.0855614973262032
"360","30051","Sat",0.0466926070038911
"361","30051","Sun",0.0697674418604651
"362","30051","Thu",-0.0147058823529412
"363","30051","Tue",-0.0443864229765013
"364","30051","Wed",0.0570719602977667
"365","30052","Fri",0.11849710982659
"366","30052","Mon",-0.142384105960265
"367","30052","Sat",0.073394495412844
"368","30052","Sun",-0.107692307692308
"369","30052","Thu",0.0328947368421053
"370","30052","Tue",-0.050314465408805
"371","30052","Wed",0.0754098360655738
"372","30053","Fri",-0.489690721649485
"373","30053","Mon",-0.210958904109589
"374","30053","Sat",-0.39193083573487
"375","30053","Sun",-0.120786516853933
"376","30053","Thu",-0.446194225721785
"377","30053","Tue",-0.266149870801034
"378","30053","Wed",-0.509333333333333
"379","30054","Fri",0.110671936758893
"380","30054","Mon",0.181818181818182
"381","30054","Sat",-0.0461538461538462
"382","30054","Sun",-0.0827067669172932
"383","30054","Thu",0.146118721461187
"384","30054","Tue",0.15609756097561
"385","30054","Wed",0.184331797235023
"386","30055","Fri",-0.0792079207920792
"387","30055","Mon",-0.104938271604938
"388","30055","Sat",-0.315315315315315
"389","30055","Sun",-1.88636363636364
"390","30055","Thu",-0.0463576158940397
"391","30055","Tue",0.162393162393162
"392","30055","Wed",-0.225806451612903
"393","30056","Fri",-0.00746268656716418
"394","30056","Mon",0.0833333333333333
"395","30056","Sat",-0.0140845070422535
"396","30056","Sun",-0.00826446280991736
"397","30056","Thu",0.237885462555066
"398","30056","Tue",0.14468085106383
"399","30056","Wed",-0.0666666666666667
"400","30057","Fri",-0.216890595009597
"401","30057","Mon",-0.161735700197239
"402","30057","Sat",0.0740740740740741
"403","30057","Sun",-0.142857142857143
"404","30057","Thu",-0.170454545454545
"405","30057","Tue",-0.214990138067061
"406","30057","Wed",-0.285714285714286
"407","30058","Fri",0.0729483282674772
"408","30058","Mon",0.11849710982659
"409","30058","Sat",0.248175182481752
"410","30058","Sun",0.286713286713287
"411","30058","Thu",0.0426829268292683
"412","30058","Tue",0.0826446280991736
"413","30058","Wed",0.0121212121212121
"414","30059","Fri",-0.206349206349206
"415","30059","Mon",-0.104477611940299
"416","30059","Sat",-0.0615384615384615
"417","30059","Sun",-0.22093023255814
"418","30059","Thu",-0.0434782608695652
"419","30059","Tue",-0.134328358208955
"420","30059","Wed",-0.0895522388059701
"421","30060","Fri",0.183406113537118
"422","30060","Mon",0.0792291220556745
"423","30060","Sat",0.0415647921760391
"424","30060","Sun",0.1075
"425","30060","Thu",0.109090909090909
"426","30060","Tue",0.0564334085778781
"427","30060","Wed",0.0553097345132743
"428","30061","Fri",-0.039568345323741
"429","30061","Mon",-0.102564102564103
"430","30061","Sat",-0.0158227848101266
"431","30061","Sun",-0.0641025641025641
"432","30061","Thu",-0.0931174089068826
"433","30061","Tue",-0.0738007380073801
"434","30061","Wed",-0.0116279069767442
"435","30062","Fri",0.0264900662251656
"436","30062","Mon",-0.161538461538462
"437","30062","Sat",-0.0144927536231884
"438","30062","Sun",-0.0297029702970297
"439","30062","Thu",0.0733333333333333
"440","30062","Tue",0.0390625
"441","30062","Wed",-0.087248322147651
"442","30063","Fri",0.032069970845481
"443","30063","Mon",0.110429447852761
"444","30063","Sat",0.00819672131147541
"445","30063","Sun",-0.0766283524904215
"446","30063","Thu",0.115384615384615
"447","30063","Tue",0.114457831325301
"448","30063","Wed",0.0845481049562682
"449","30064","Fri",-0.170403587443946
"450","30064","Mon",-0.00975609756097561
"451","30064","Sat",-0.0450819672131148
"452","30064","Sun",-0.0546218487394958
"453","30064","Thu",-0.0674157303370786
"454","30064","Tue",-0.0150753768844221
"455","30064","Wed",-0.142131979695431
"456","30065","Fri",-0.149305555555556
"457","30065","Mon",-0.309236947791165
"458","30065","Sat",-0.155893536121673
"459","30065","Sun",-0.053639846743295
"460","30065","Thu",-0.304498269896194
"461","30065","Tue",-0.161943319838057
"462","30065","Wed",-0.33203125
"463","30066","Fri",-0.108433734939759
"464","30066","Mon",-0.0714285714285714
"465","30066","Sat",0.0725806451612903
"466","30066","Sun",0.0869565217391304
"467","30066","Thu",0.0776699029126214
"468","30066","Tue",-0.0849056603773585
"469","30066","Wed",-0.148648648648649
"470","30067","Fri",0.05
"471","30067","Mon",0.135593220338983
"472","30067","Sat",-0.180327868852459
"473","30067","Sun",0.0634920634920635
"474","30067","Thu",-0.145833333333333
"475","30067","Tue",0.303030303030303
"476","30067","Wed",0.4
"477","30068","Fri",0.04
"478","30068","Mon",-0.0909090909090909
"479","30068","Sat",0.0377358490566038
"480","30068","Sun",-0.0588235294117647
"481","30068","Thu",0.0384615384615385
"482","30068","Tue",-0.214285714285714
"483","30068","Wed",-0.127272727272727
"484","30069","Fri",0.0217391304347826
"485","30069","Mon",0.0810810810810811
"486","30069","Sat",0.35
"487","30069","Sun",-0.152173913043478
"488","30069","Thu",0.151515151515152
"489","30069","Tue",-0.0277777777777778
"490","30069","Wed",0.0350877192982456
"491","30070","Fri",0.222222222222222
"492","30070","Mon",-0.0588235294117647
"493","30070","Sat",0.444444444444444
"494","30070","Sun",-0.0740740740740741
"495","30070","Thu",0.157894736842105
"496","30070","Tue",-0.15
"497","30070","Wed",0.25
"498","30071","Fri",-0.103448275862069
"499","30071","Mon",-0.0238095238095238
"500","30071","Sat",-0.181818181818182
"501","30071","Sun",0.0384615384615385
"502","30071","Thu",-0.283018867924528
"503","30071","Tue",-0.0701754385964912
"504","30071","Wed",0.0634920634920635
"505","30072","Fri",0.0285714285714286
"506","30072","Mon",-0.161290322580645
"507","30072","Sat",0
"508","30072","Sun",0.145833333333333
"509","30072","Thu",-0.0857142857142857
"510","30072","Tue",-0.0975609756097561
"511","30072","Wed",-0.0869565217391304
"512","30073","Fri",0.268456375838926
"513","30073","Mon",0.110344827586207
"514","30073","Sat",0.197530864197531
"515","30073","Sun",-0.0627450980392157
"516","30073","Thu",0.328767123287671
"517","30073","Tue",0.0223880597014925
"518","30073","Wed",0.062992125984252
"519","30074","Fri",0.105121293800539
"520","30074","Mon",-0.0169971671388102
"521","30074","Sat",-0.0033112582781457
"522","30074","Sun",-0.0526315789473684
"523","30074","Thu",0.0779944289693593
"524","30074","Tue",0.0518731988472622
"525","30074","Wed",0.0056657223796034
"526","30075","Fri",0.105263157894737
"527","30075","Mon",0.191489361702128
"528","30075","Sat",0.142857142857143
"529","30075","Sun",0.239316239316239
"530","30075","Thu",0.219512195121951
"531","30075","Tue",0.123188405797101
"532","30075","Wed",0.162337662337662
"533","30076","Fri",0.0482758620689655
"534","30076","Mon",-0.0378787878787879
"535","30076","Sat",0.102564102564103
"536","30076","Sun",0.0288461538461538
"537","30076","Thu",-0.0215827338129496
"538","30076","Tue",0.0416666666666667
"539","30076","Wed",0.0584415584415584
"540","30077","Fri",-0.159090909090909
"541","30077","Mon",-0.0428571428571429
"542","30077","Sat",-0.024390243902439
"543","30077","Sun",0.0983606557377049
"544","30077","Thu",-0.158878504672897
"545","30077","Tue",0.0379746835443038
"546","30077","Wed",-0.0652173913043478
"547","30078","Fri",-0.0641025641025641
"548","30078","Mon",0.15
"549","30078","Sat",-0.259259259259259
"550","30078","Sun",0.04
"551","30078","Thu",-0.290697674418605
"552","30078","Tue",0
"553","30078","Wed",-0.0757575757575758
"554","30079","Fri",0.125
"555","30079","Mon",0.1
"556","30079","Sat",0.0578512396694215
"557","30079","Sun",0.227272727272727
"558","30079","Thu",0.08
"559","30079","Tue",0.0396039603960396
"560","30079","Wed",0.16260162601626
"561","30080","Fri",-0.130434782608696
"562","30080","Mon",-0.152284263959391
"563","30080","Sat",-0.164179104477612
"564","30080","Sun",-0.138248847926267
"565","30080","Thu",-0.29585798816568
"566","30080","Tue",-0.0625
"567","30080","Wed",-0.0515021459227468
"568","30081","Fri",-0.0734463276836158
"569","30081","Mon",-0.0167597765363128
"570","30081","Sat",0.104895104895105
"571","30081","Sun",0.0779220779220779
"572","30081","Thu",-0.0914285714285714
"573","30081","Tue",-0.0650887573964497
"574","30081","Wed",-0.143790849673203
"575","30082","Fri",0.0294117647058824
"576","30082","Mon",-0.0579710144927536
"577","30082","Sat",0.260869565217391
"578","30082","Sun",0.32
"579","30082","Thu",0.169811320754717
"580","30082","Tue",-0.126984126984127
"581","30082","Wed",-0.197530864197531
"582","30083","Fri",-0.166666666666667
"583","30083","Mon",0.075
"584","30083","Sat",0.0285714285714286
"585","30083","Sun",-0.0247933884297521
"586","30083","Thu",0.0158730158730159
"587","30083","Tue",0.0735294117647059
"588","30083","Wed",0.0273972602739726
"589","30084","Fri",-0.27027027027027
"590","30084","Mon",0.358974358974359
"591","30084","Sat",0.234042553191489
"592","30084","Sun",0.0789473684210526
"593","30084","Thu",-0.228070175438596
"594","30084","Tue",-0.380952380952381
"595","30084","Wed",0.2
"596","30084-A","Fri",-0.105263157894737
"597","30084-A","Mon",0.0927835051546392
"598","30084-A","Sat",-0.36
"599","30084-A","Sun",0.0916666666666667
"600","30084-A","Thu",-0.00819672131147541
"601","30084-A","Tue",-0.172043010752688
"602","30084-A","Wed",-0.0927835051546392
"603","30085","Fri",0.104761904761905
"604","30085","Mon",0.0882352941176471
"605","30085","Sat",0.00662251655629139
"606","30085","Sun",-0.0610687022900763
"607","30085","Thu",-0.00847457627118644
"608","30085","Tue",0
"609","30085","Wed",-0.0192307692307692
"610","30086","Fri",-0.12280701754386
"611","30086","Mon",0.141666666666667
"612","30086","Sat",0.0705128205128205
"613","30086","Sun",0.0785714285714286
"614","30086","Thu",0
"615","30086","Tue",-0.108910891089109
"616","30086","Wed",0
"617","30087","Fri",0.215686274509804
"618","30087","Mon",-0.018348623853211
"619","30087","Sat",0.066006600660066
"620","30087","Sun",0.0575539568345324
"621","30087","Thu",0.0154320987654321
"622","30087","Tue",0.138263665594855
"623","30087","Wed",0.104918032786885
"624","30088","Fri",-0.00738007380073801
"625","30088","Mon",-0.223484848484848
"626","30088","Sat",0.03420523138833
"627","30088","Sun",-0.195736434108527
"628","30088","Thu",-0.0571428571428571
"629","30088","Tue",-0.133333333333333
"630","30088","Wed",-0.113970588235294
"631","30089","Fri",-0.0125786163522013
"632","30089","Mon",-0.229607250755287
"633","30089","Sat",-0.042713567839196
"634","30089","Sun",-0.103960396039604
"635","30089","Thu",-0.130841121495327
"636","30089","Tue",-0.106796116504854
"637","30089","Wed",-0.141914191419142
"638","30090","Fri",-0.0781990521327014
"639","30090","Mon",-0.0919811320754717
"640","30090","Sat",-0.287531806615776
"641","30090","Sun",0.0391644908616188
"642","30090","Thu",-0.0368550368550369
"643","30090","Tue",-0.0509259259259259
"644","30090","Wed",-0.0639810426540284
"645","30091","Fri",-0.0763888888888889
"646","30091","Mon",-0.0259433962264151
"647","30091","Sat",0.0591016548463357
"648","30091","Sun",0.0172413793103448
"649","30091","Thu",0.153465346534653
"650","30091","Tue",0.0145985401459854
"651","30091","Wed",0.121140142517815
"652","30092","Fri",0
"653","30092","Mon",-0.104651162790698
"654","30092","Sat",0.0408163265306122
"655","30092","Sun",-0.0415430267062315
"656","30092","Thu",-0.249283667621777
"657","30092","Tue",-0.184281842818428
"658","30092","Wed",-0.144117647058824
"659","30093","Fri",0.152304609218437
"660","30093","Mon",-0.0316455696202532
"661","30093","Sat",0.0206378986866792
"662","30093","Sun",-0.0643863179074447
"663","30093","Thu",0.0439330543933054
"664","30093","Tue",-0.0426966292134831
"665","30093","Wed",0.0985010706638116
"666","30094","Fri",0.0562770562770563
"667","30094","Mon",-0.144
"668","30094","Sat",-0.0294117647058824
"669","30094","Sun",0.0260869565217391
"670","30094","Thu",-0.117370892018779
"671","30094","Tue",-0.00476190476190476
"672","30094","Wed",-0.0779816513761468
"673","30095","Fri",-0.0562770562770563
"674","30095","Mon",-0.156424581005587
"675","30095","Sat",0.109433962264151
"676","30095","Sun",0.03515625
"677","30095","Thu",-0.257142857142857
"678","30095","Tue",-0.327683615819209
"679","30095","Wed",-0.171428571428571
"680","30096","Fri",-0.11219512195122
"681","30096","Mon",-0.205298013245033
"682","30096","Sat",-0.332142857142857
"683","30096","Sun",-0.0934579439252336
"684","30096","Thu",-0.30188679245283
"685","30096","Tue",-0.131034482758621
"686","30096","Wed",-0.203703703703704
"687","30097","Fri",0.0784313725490196
"688","30097","Mon",-0.0636363636363636
"689","30097","Sat",0.234848484848485
"690","30097","Sun",-0.0241935483870968
"691","30097","Thu",-0.0340909090909091
"692","30097","Tue",-0.113924050632911
"693","30097","Wed",0.0804597701149425
"694","30098","Fri",-0.223880597014925
"695","30098","Mon",-0.105263157894737
"696","30098","Sat",-0.291845493562232
"697","30098","Sun",0.0382513661202186
"698","30098","Thu",-0.0916030534351145
"699","30098","Tue",0
"700","30098","Wed",-0.114864864864865
"701","30099","Fri",0.0615384615384615
"702","30099","Mon",0.0642201834862385
"703","30099","Sat",0.0186335403726708
"704","30099","Sun",0.145945945945946
"705","30099","Thu",-0.0413223140495868
"706","30099","Tue",-0.122137404580153
"707","30099","Wed",0.0151515151515152
"708","30100","Fri",-0.0288461538461538
"709","30100","Mon",-0.142857142857143
"710","30100","Sat",-0.0888888888888889
"711","30100","Sun",-0.0335820895522388
"712","30100","Thu",-0.131736526946108
"713","30100","Tue",0.0304878048780488
"714","30100","Wed",-0.00558659217877095
"715","30101","Fri",-0.0212765957446809
"716","30101","Mon",-0.087431693989071
"717","30101","Sat",-0.0363636363636364
"718","30101","Sun",-0.0306122448979592
"719","30101","Thu",0
"720","30101","Tue",-0.0146341463414634
"721","30101","Wed",0.00970873786407767
"722","30102","Fri",0
"723","30102","Mon",0.202020202020202
"724","30102","Sat",0.0769230769230769
"725","30102","Sun",0.138888888888889
"726","30102","Thu",0.2
"727","30102","Tue",-0.114285714285714
"728","30102","Wed",0
"729","30103","Fri",0.144827586206897
"730","30103","Mon",0.116279069767442
"731","30103","Sat",0.0604026845637584
"732","30103","Sun",0.0229007633587786
"733","30103","Thu",0.0141843971631206
"734","30103","Tue",0.102040816326531
"735","30103","Wed",0.106382978723404
"736","30104","Fri",-0.373702422145329
"737","30104","Mon",-0.139130434782609
"738","30104","Sat",-0.702549575070821
"739","30104","Sun",-0.305660377358491
"740","30104","Thu",-0.270491803278689
"741","30104","Tue",-0.100877192982456
"742","30104","Wed",-0.213636363636364
"743","30105","Fri",0.246153846153846
"744","30105","Mon",0.116279069767442
"745","30105","Sat",0.0277777777777778
"746","30105","Sun",-0.0151515151515152
"747","30105","Thu",0.114285714285714
"748","30105","Tue",0.132352941176471
"749","30105","Wed",0.173333333333333
"750","30106","Fri",0.183206106870229
"751","30106","Mon",0.0673076923076923
"752","30106","Sat",0.149253731343284
"753","30106","Sun",0.241610738255034
"754","30106","Thu",0.317757009345794
"755","30106","Tue",0.176470588235294
"756","30106","Wed",0.0849056603773585
"757","30107","Fri",0.130841121495327
"758","30107","Mon",0.0266666666666667
"759","30107","Sat",0.0169491525423729
"760","30107","Sun",0.211538461538462
"761","30107","Thu",0.226190476190476
"762","30107","Tue",0.238636363636364
"763","30107","Wed",0.0526315789473684
"764","30108","Fri",-0.162790697674419
"765","30108","Mon",0.168674698795181
"766","30108","Sat",-0.0862068965517241
"767","30108","Sun",0
"768","30108","Thu",0.03125
"769","30108","Tue",0.186666666666667
"770","30108","Wed",-0.227848101265823
"771","30109","Fri",-0.0778097982708934
"772","30109","Mon",-0.185840707964602
"773","30109","Sat",-0.0970149253731343
"774","30109","Sun",-0.0179856115107914
"775","30109","Thu",-0.201166180758017
"776","30109","Tue",-0.196531791907514
"777","30109","Wed",-0.0766961651917404
"778","30110","Fri",0.0769230769230769
"779","30110","Mon",-0.0565217391304348
"780","30110","Sat",0.075
"781","30110","Sun",-0.0421052631578947
"782","30110","Thu",0.0243362831858407
"783","30110","Tue",-0.00227790432801822
"784","30110","Wed",-0.0455531453362256
"785","30111","Fri",0.131578947368421
"786","30111","Mon",-0.129032258064516
"787","30111","Sat",-0.0740740740740741
"788","30111","Sun",0.1
"789","30111","Thu",0.0833333333333333
"790","30111","Tue",0.115384615384615
"791","30111","Wed",0.219178082191781
"792","30112","Fri",-0.164772727272727
"793","30112","Mon",-0.0174418604651163
"794","30112","Sat",-0.492125984251969
"795","30112","Sun",-0.134529147982063
"796","30112","Thu",-0.0279329608938547
"797","30112","Tue",-0.161764705882353
"798","30112","Wed",-0.144578313253012
"799","30113","Fri",0.0987124463519313
"800","30113","Mon",0.165853658536585
"801","30113","Sat",0.0760869565217391
"802","30113","Sun",-0.103626943005181
"803","30113","Thu",0.169082125603865
"804","30113","Tue",0.163265306122449
"805","30113","Wed",-0.0390243902439024
"806","30114","Fri",-0.117647058823529
"807","30114","Mon",-0.105263157894737
"808","30114","Sat",0.169811320754717
"809","30114","Sun",-0.220338983050847
"810","30114","Thu",-0.153846153846154
"811","30114","Tue",-0.387755102040816
"812","30114","Wed",-0.342465753424658
"813","30115","Fri",0.0551601423487545
"814","30115","Mon",0.210144927536232
"815","30115","Sat",0.0200803212851406
"816","30115","Sun",0.0777096114519427
"817","30115","Thu",0.0563380281690141
"818","30115","Tue",0
"819","30115","Wed",0.200345423143351
"820","30116","Fri",0.304347826086957
"821","30116","Mon",0.324324324324324
"822","30116","Sat",0.0625
"823","30116","Sun",0.0232558139534884
"824","30116","Thu",0.102564102564103
"825","30116","Tue",0.102803738317757
"826","30116","Wed",0.115384615384615
"827","30117","Fri",-0.0179372197309417
"828","30117","Mon",-0.137440758293839
"829","30117","Sat",0.0211267605633803
"830","30117","Sun",0.0390625
"831","30117","Thu",-0.165919282511211
"832","30117","Tue",-0.11304347826087
"833","30117","Wed",-0.126086956521739
"834","30118","Fri",-0.0675675675675676
"835","30118","Mon",-0.0555555555555556
"836","30118","Sat",0.142857142857143
"837","30118","Sun",0.163636363636364
"838","30118","Thu",-0.0588235294117647
"839","30118","Tue",-0.036144578313253
"840","30118","Wed",-0.101449275362319
"841","30119","Fri",-0.25609756097561
"842","30119","Mon",-0.183431952662722
"843","30119","Sat",-0.168421052631579
"844","30119","Sun",-0.126168224299065
"845","30119","Thu",-0.230769230769231
"846","30119","Tue",-0.156862745098039
"847","30119","Wed",-0.503184713375796
"848","30120","Fri",0.09375
"849","30120","Mon",-0.0833333333333333
"850","30120","Sat",-0.263157894736842
"851","30120","Sun",0.15
"852","30120","Thu",0.285714285714286
"853","30120","Tue",-0.0645161290322581
"854","30120","Wed",-0.0857142857142857
"855","30121","Fri",-0.380597014925373
"856","30121","Mon",-0.0841121495327103
"857","30121","Sat",0.0843373493975904
"858","30121","Sun",-0.0759493670886076
"859","30121","Thu",-0.101694915254237
"860","30121","Tue",-0.0416666666666667
"861","30121","Wed",-0.39047619047619
"862","30122","Fri",-0.385714285714286
"863","30122","Mon",-0.235714285714286
"864","30122","Sat",-0.35
"865","30122","Sun",-0.386740331491713
"866","30122","Thu",-0.384057971014493
"867","30122","Tue",-0.40495867768595
"868","30122","Wed",-0.206666666666667
"869","30123","Fri",0.141891891891892
"870","30123","Mon",0.212121212121212
"871","30123","Sat",0.259259259259259
"872","30123","Sun",0.119047619047619
"873","30123","Thu",0.170212765957447
"874","30123","Tue",0.168067226890756
"875","30123","Wed",0.192
"876","30124","Fri",-0.259259259259259
"877","30124","Mon",-0.127450980392157
"878","30124","Sat",-0.230769230769231
"879","30124","Sun",-0.2
"880","30124","Thu",-0.205882352941176
"881","30124","Tue",-0.423913043478261
"882","30124","Wed",-0.182795698924731
"883","30125","Fri",0.0884955752212389
"884","30125","Mon",0.0777777777777778
"885","30125","Sat",0.641025641025641
"886","30125","Sun",-0.0408163265306122
"887","30125","Thu",0.0614035087719298
"888","30125","Tue",0
"889","30125","Wed",-0.0227272727272727
"890","30126","Fri",-0.263888888888889
"891","30126","Mon",-0.296703296703297
"892","30126","Sat",-0.175824175824176
"893","30126","Sun",-0.177777777777778
"894","30126","Thu",-0.36697247706422
"895","30126","Tue",-0.193877551020408
"896","30126","Wed",-0.0752688172043011
"897","30127","Fri",0.013986013986014
"898","30127","Mon",0.0933852140077821
"899","30127","Sat",-0.0379746835443038
"900","30127","Sun",-0.0578034682080925
"901","30127","Thu",0.0698529411764706
"902","30127","Tue",0.0494296577946768
"903","30127","Wed",0.0639097744360902
"904","30128","Fri",-0.131578947368421
"905","30128","Mon",0.0942028985507246
"906","30128","Sat",-0.0245901639344262
"907","30128","Sun",-0.115044247787611
"908","30128","Thu",0
"909","30128","Tue",0.0952380952380952
"910","30128","Wed",0.015625
"911","30129","Fri",-0.126582278481013
"912","30129","Mon",-0.184615384615385
"913","30129","Sat",-0.244444444444444
"914","30129","Sun",-0.10377358490566
"915","30129","Thu",-0.166666666666667
"916","30129","Tue",0.0344827586206897
"917","30129","Wed",-0.0545454545454545
"918","30130","Fri",-0.492063492063492
"919","30130","Mon",-0.637931034482759
"920","30130","Sat",-0.666666666666667
"921","30130","Sun",-0.425531914893617
"922","30130","Thu",-0.438356164383562
"923","30130","Tue",-0.549295774647887
"924","30130","Wed",-0.52
"925","30131","Fri",-0.25
"926","30131","Mon",0
"927","30131","Sat",-0.163398692810458
"928","30131","Sun",-0.16243654822335
"929","30131","Thu",-0.21259842519685
"930","30131","Tue",-0.0425531914893617
"931","30131","Wed",-0.1484375
"932","30132","Fri",0.204545454545455
"933","30132","Mon",0.134751773049645
"934","30132","Sat",0.301675977653631
"935","30132","Sun",0.273809523809524
"936","30132","Thu",0.21264367816092
"937","30132","Tue",0.306748466257669
"938","30132","Wed",0.24375
"939","30133","Fri",-0.130434782608696
"940","30133","Mon",-0.145833333333333
"941","30133","Sat",-0.0857142857142857
"942","30133","Sun",-0.0930232558139535
"943","30133","Thu",0.117647058823529
"944","30133","Tue",-0.05
"945","30133","Wed",-0.0666666666666667
"946","30134","Fri",0.040650406504065
"947","30134","Mon",-0.0780141843971631
"948","30134","Sat",-0.0555555555555556
"949","30134","Sun",-0.179611650485437
"950","30134","Thu",0.0285714285714286
"951","30134","Tue",-0.304
"952","30134","Wed",0
"953","30135","Fri",-0.0462962962962963
"954","30135","Mon",-0.134453781512605
"955","30135","Sat",-0.348214285714286
"956","30135","Sun",-0.0202020202020202
"957","30135","Thu",0.00862068965517241
"958","30135","Tue",-0.0860215053763441
"959","30135","Wed",0.0483870967741935
"960","30136","Fri",0.102040816326531
"961","30136","Mon",0
"962","30136","Sat",0.336633663366337
"963","30136","Sun",0.223404255319149
"964","30136","Thu",0.029126213592233
"965","30136","Tue",0.0736842105263158
"966","30136","Wed",-0.0392156862745098
"967","30137","Fri",0.410891089108911
"968","30137","Mon",0.407582938388626
"969","30137","Sat",0.108225108225108
"970","30137","Sun",0.213333333333333
"971","30137","Thu",0.440860215053763
"972","30137","Tue",0.377358490566038
"973","30137","Wed",0.398104265402844
"974","30138","Fri",0.0566037735849057
"975","30138","Mon",-0.0689655172413793
"976","30138","Sat",0.219512195121951
"977","30138","Sun",0.0208333333333333
"978","30138","Thu",0
"979","30138","Tue",0.0967741935483871
"980","30138","Wed",-0.106060606060606
"981","30139","Fri",0.479166666666667
"982","30139","Mon",0.222222222222222
"983","30139","Sat",-0.615384615384615
"984","30139","Sun",0.857142857142857
"985","30139","Thu",0.208333333333333
"986","30139","Tue",0.271186440677966
"987","30139","Wed",0.304347826086957
"988","30140","Fri",0.216216216216216
"989","30140","Mon",0.176470588235294
"990","30140","Sat",0.451612903225806
"991","30140","Sun",0.375
"992","30140","Thu",0.172413793103448
"993","30140","Tue",0.180722891566265
"994","30140","Wed",0.112244897959184
"995","30141","Fri",0.0125523012552301
"996","30141","Mon",-0.051948051948052
"997","30141","Sat",0.116564417177914
"998","30141","Sun",0.157894736842105
"999","30141","Thu",-0.0580357142857143
"1000","30141","Tue",-0.104166666666667
"1001","30141","Wed",-0.00454545454545455
"1002","30142","Fri",-0.0107238605898123
"1003","30142","Mon",0.129746835443038
"1004","30142","Sat",-0.0350404312668464
"1005","30142","Sun",0.273529411764706
"1006","30142","Thu",0.0552147239263804
"1007","30142","Tue",-0.00986842105263158
"1008","30142","Wed",0
"1009","30143","Fri",-0.04
"1010","30143","Mon",-0.0329113924050633
"1011","30143","Sat",-0.28
"1012","30143","Sun",-0.0498533724340176
"1013","30143","Thu",-0.193954659949622
"1014","30143","Tue",-0.1015625
"1015","30143","Wed",-0.128787878787879
"1016","30144","Fri",-0.158914728682171
"1017","30144","Mon",-0.375
"1018","30144","Sat",0.045045045045045
"1019","30144","Sun",0.0250783699059561
"1020","30144","Thu",-0.0938775510204082
"1021","30144","Tue",-0.223484848484848
"1022","30144","Wed",-0.092
"1023","30145","Fri",0.121621621621622
"1024","30145","Mon",0.175675675675676
"1025","30145","Sat",0.113636363636364
"1026","30145","Sun",0.222222222222222
"1027","30145","Thu",0.0714285714285714
"1028","30145","Tue",0.0980392156862745
"1029","30145","Wed",0.0227272727272727
"1030","30146","Fri",-0.130434782608696
"1031","30146","Mon",-0.0869565217391304
"1032","30146","Sat",-0.0869565217391304
"1033","30146","Sun",0.0344827586206897
"1034","30146","Thu",-0.151515151515152
"1035","30146","Tue",0
"1036","30146","Wed",-0.037037037037037
"1037","30146-A","Fri",-1.07142857142857
"1038","30146-A","Mon",-0.5
"1039","30146-A","Sat",-1.67857142857143
"1040","30146-A","Sun",-0.6
"1041","30146-A","Thu",0.166666666666667
"1042","30146-A","Tue",0.0769230769230769
"1043","30146-A","Wed",-0.125
"1044","30147","Fri",-0.0602409638554217
"1045","30147","Mon",-0.0480349344978166
"1046","30147","Sat",-0.0228136882129278
"1047","30147","Sun",-0.0714285714285714
"1048","30147","Thu",-0.181395348837209
"1049","30147","Tue",-0.201923076923077
"1050","30147","Wed",-0.105022831050228
"1051","30148","Fri",-0.176991150442478
"1052","30148","Mon",-0.117117117117117
"1053","30148","Sat",-0.103896103896104
"1054","30148","Sun",-0.101063829787234
"1055","30148","Thu",-0.0408163265306122
"1056","30148","Tue",-0.0857142857142857
"1057","30148","Wed",0
"1058","30149","Fri",-0.265873015873016
"1059","30149","Mon",-0.282511210762332
"1060","30149","Sat",-0.407284768211921
"1061","30149","Sun",-0.421875
"1062","30149","Thu",-0.0816326530612245
"1063","30149","Tue",-0.208092485549133
"1064","30149","Wed",-0.103825136612022
"1065","30150","Fri",0.294117647058824
"1066","30150","Mon",-0.0816326530612245
"1067","30150","Sat",0.201834862385321
"1068","30150","Sun",0.182608695652174
"1069","30150","Thu",-0.212121212121212
"1070","30150","Tue",-0.161290322580645
"1071","30150","Wed",-0.05
"1072","30151","Fri",0.153846153846154
"1073","30151","Mon",0.0238095238095238
"1074","30151","Sat",0.138755980861244
"1075","30151","Sun",0.0147783251231527
"1076","30151","Thu",-0.0549450549450549
"1077","30151","Tue",0.0294117647058824
"1078","30151","Wed",-0.0648148148148148
"1079","30152","Fri",-0.228
"1080","30152","Mon",0.0218579234972678
"1081","30152","Sat",-0.204460966542751
"1082","30152","Sun",-0.227272727272727
"1083","30152","Thu",-0.0328638497652582
"1084","30152","Tue",-0.195979899497487
"1085","30152","Wed",-0.202830188679245
"1086","30153","Fri",0.173076923076923
"1087","30153","Mon",0.168224299065421
"1088","30153","Sat",0.152046783625731
"1089","30153","Sun",0.184782608695652
"1090","30153","Thu",-0.0229885057471264
"1091","30153","Tue",0.125
"1092","30153","Wed",0.106666666666667
"1093","30154","Fri",-0.0217821782178218
"1094","30154","Mon",-0.131991051454139
"1095","30154","Sat",-0.408624229979466
"1096","30154","Sun",-0.227176220806794
"1097","30154","Thu",0.124735729386892
"1098","30154","Tue",0.00867678958785249
"1099","30154","Wed",0.0273684210526316
"1100","30155","Fri",-0.0699300699300699
"1101","30155","Mon",0.0596026490066225
"1102","30155","Sat",-0.0551724137931034
"1103","30155","Sun",-0.137142857142857
"1104","30155","Thu",0.0661764705882353
"1105","30155","Tue",0.162790697674419
"1106","30155","Wed",-0.00645161290322581
"1107","30156","Fri",-0.0561797752808989
"1108","30156","Mon",-0.12258064516129
"1109","30156","Sat",-0.0717131474103586
"1110","30156","Sun",-0.0912408759124088
"1111","30156","Thu",-0.115942028985507
"1112","30156","Tue",-0.101449275362319
"1113","30156","Wed",-0.129496402877698
"1114","30157","Fri",-0.190647482014388
"1115","30157","Mon",0.0204918032786885
"1116","30157","Sat",-0.129518072289157
"1117","30157","Sun",-0.0823170731707317
"1118","30157","Thu",-0.0758928571428571
"1119","30157","Tue",-0.0751173708920188
"1120","30157","Wed",-0.0510204081632653
"1121","30158","Fri",-0.394658753709199
"1122","30158","Mon",-0.335294117647059
"1123","30158","Sat",-0.628992628992629
"1124","30158","Sun",-0.654676258992806
"1125","30158","Thu",-0.218241042345277
"1126","30158","Tue",-0.335640138408304
"1127","30158","Wed",-0.368421052631579
"1128","30159","Fri",-0.0759493670886076
"1129","30159","Mon",0.0561797752808989
"1130","30159","Sat",-0.305732484076433
"1131","30159","Sun",-0.197860962566845
"1132","30159","Thu",-0.051948051948052
"1133","30159","Tue",0.114754098360656
"1134","30159","Wed",-0.025974025974026
"1135","30160","Fri",0.0253521126760563
"1136","30160","Mon",0.00298507462686567
"1137","30160","Sat",0.281842818428184
"1138","30160","Sun",-0.002710027100271
"1139","30160","Thu",0.0618892508143322
"1140","30160","Tue",0.0612244897959184
"1141","30160","Wed",0.0474683544303797
"1142","30161","Fri",-0.127167630057803
"1143","30161","Mon",-0.0980392156862745
"1144","30161","Sat",0.03
"1145","30161","Sun",-0.180790960451977
"1146","30161","Thu",0.0816326530612245
"1147","30161","Tue",0.05625
"1148","30161","Wed",0.0532544378698225
"1149","30162","Fri",-0.0380952380952381
"1150","30162","Mon",-0.0645161290322581
"1151","30162","Sat",0.209150326797386
"1152","30162","Sun",0.10752688172043
"1153","30162","Thu",-0.137254901960784
"1154","30162","Tue",-0.105263157894737
"1155","30162","Wed",0.104651162790698
"1156","30163","Fri",-0.264705882352941
"1157","30163","Mon",0.106870229007634
"1158","30163","Sat",-0.0740740740740741
"1159","30163","Sun",0.0303030303030303
"1160","30163","Thu",-0.109375
"1161","30163","Tue",-0.0132450331125828
"1162","30163","Wed",-0.107784431137725
"1163","30164","Fri",0.0601503759398496
"1164","30164","Mon",-0.343434343434343
"1165","30164","Sat",0.00613496932515337
"1166","30164","Sun",-0.118012422360248
"1167","30164","Thu",-0.252336448598131
"1168","30164","Tue",-0.318681318681319
"1169","30164","Wed",-0.288659793814433
"1170","30165","Fri",-0.037037037037037
"1171","30165","Mon",-0.033112582781457
"1172","30165","Sat",0.0307017543859649
"1173","30165","Sun",0.0166666666666667
"1174","30165","Thu",-0.0916666666666667
"1175","30165","Tue",-0.0521739130434783
"1176","30165","Wed",-0.0760869565217391
"1177","30166","Fri",-0.121951219512195
"1178","30166","Mon",-0.112
"1179","30166","Sat",-0.114551083591331
"1180","30166","Sun",0.038781163434903
"1181","30166","Thu",-0.0327102803738318
"1182","30166","Tue",0.0775862068965517
"1183","30166","Wed",0.0361990950226244
"1184","30167","Fri",-0.0303030303030303
"1185","30167","Mon",-0.186666666666667
"1186","30167","Sat",-0.0708661417322835
"1187","30167","Sun",-0.0283687943262411
"1188","30167","Thu",-0.214285714285714
"1189","30167","Tue",-0.329113924050633
"1190","30167","Wed",-0.0610687022900763
"1191","30168","Fri",-0.25
"1192","30168","Mon",0.0465116279069767
"1193","30168","Sat",0.0829268292682927
"1194","30168","Sun",0.175
"1195","30168","Thu",-0.05
"1196","30168","Tue",0.0256410256410256
"1197","30168","Wed",-0.234042553191489
"1198","30169","Fri",0.0784313725490196
"1199","30169","Mon",-0.243589743589744
"1200","30169","Sat",-0.146892655367232
"1201","30169","Sun",-0.28125
"1202","30169","Thu",-0.154929577464789
"1203","30169","Tue",-0.0307692307692308
"1204","30169","Wed",-0.0689655172413793
"1205","30170","Fri",0.0239234449760766
"1206","30170","Mon",-0.12037037037037
"1207","30170","Sat",0.188034188034188
"1208","30170","Sun",0.145669291338583
"1209","30170","Thu",0.0613207547169811
"1210","30170","Tue",0.158371040723982
"1211","30170","Wed",0.0408163265306122
"1212","30171","Fri",0.195121951219512
"1213","30171","Mon",0.174089068825911
"1214","30171","Sat",0.429292929292929
"1215","30171","Sun",-0.00546448087431694
"1216","30171","Thu",0.147859922178988
"1217","30171","Tue",0.158333333333333
"1218","30171","Wed",0.0474137931034483
"1219","30172","Fri",-0.00530503978779841
"1220","30172","Mon",-0.0427807486631016
"1221","30172","Sat",0.223756906077348
"1222","30172","Sun",0.1375
"1223","30172","Thu",0.153846153846154
"1224","30172","Tue",0.00269541778975741
"1225","30172","Wed",0.140540540540541
"1226","30173","Fri",-0.07
"1227","30173","Mon",-0.078125
"1228","30173","Sat",-0.0288461538461538
"1229","30173","Sun",0.0277777777777778
"1230","30173","Thu",-0.00900900900900901
"1231","30173","Tue",0.150943396226415
"1232","30173","Wed",-0.0963855421686747
"1233","30174","Fri",-0.155844155844156
"1234","30174","Mon",-0.072289156626506
"1235","30174","Sat",-0.0765765765765766
"1236","30174","Sun",-0.0128755364806867
"1237","30174","Thu",-0.0985915492957746
"1238","30174","Tue",0.101010101010101
"1239","30174","Wed",-0.0296296296296296
"1240","30175","Fri",-0.0410958904109589
"1241","30175","Mon",-0.197183098591549
"1242","30175","Sat",-0.245901639344262
"1243","30175","Sun",-0.0588235294117647
"1244","30175","Thu",-0.0289855072463768
"1245","30175","Tue",0.0238095238095238
"1246","30175","Wed",0.148148148148148
"1247","30176","Fri",0.183406113537118
"1248","30176","Mon",0.241545893719807
"1249","30176","Sat",0.212543554006969
"1250","30176","Sun",0.265384615384615
"1251","30176","Thu",0.116822429906542
"1252","30176","Tue",0.134259259259259
"1253","30176","Wed",0.101010101010101
"1254","30177","Fri",-0.0140845070422535
"1255","30177","Mon",-0.161290322580645
"1256","30177","Sat",-0.196969696969697
"1257","30177","Sun",-0.0769230769230769
"1258","30177","Thu",-0.389830508474576
"1259","30177","Tue",0.025
"1260","30177","Wed",-0.25531914893617
"1261","30178","Fri",0.223880597014925
"1262","30178","Mon",0.177966101694915
"1263","30178","Sat",-0.0472972972972973
"1264","30178","Sun",0.333333333333333
"1265","30178","Thu",0.168
"1266","30178","Tue",0.162393162393162
"1267","30178","Wed",0.109375
"1268","30179","Fri",-0.0397350993377483
"1269","30179","Mon",0.0373134328358209
"1270","30179","Sat",0.019047619047619
"1271","30179","Sun",0.519607843137255
"1272","30179","Thu",-0.0878378378378378
"1273","30179","Tue",0.0748299319727891
"1274","30179","Wed",0.036231884057971
"1275","30180","Fri",-0.0266272189349112
"1276","30180","Mon",-0.0372881355932203
"1277","30180","Sat",0.114982578397213
"1278","30180","Sun",-0.076158940397351
"1279","30180","Thu",0.0398671096345515
"1280","30180","Tue",0.00655737704918033
"1281","30180","Wed",0.0276923076923077
"1282","30181","Fri",-0.0418410041841004
"1283","30181","Mon",0.0945273631840796
"1284","30181","Sat",0.0862944162436548
"1285","30181","Sun",0.212903225806452
"1286","30181","Thu",0.0982142857142857
"1287","30181","Tue",0.130630630630631
"1288","30181","Wed",-0.0224215246636771
"1289","30182","Fri",0.0100250626566416
"1290","30182","Mon",-0.0244565217391304
"1291","30182","Sat",-0.16452442159383
"1292","30182","Sun",-0.270949720670391
"1293","30182","Thu",-0.0775193798449612
"1294","30182","Tue",0.103448275862069
"1295","30182","Wed",0.0710526315789474
"1296","30183","Fri",0.0972850678733032
"1297","30183","Mon",0.206730769230769
"1298","30183","Sat",0.277955271565495
"1299","30183","Sun",0.158576051779935
"1300","30183","Thu",0.196759259259259
"1301","30183","Tue",0.201856148491879
"1302","30183","Wed",0.12751677852349
"1303","30184","Fri",0.253333333333333
"1304","30184","Mon",0.155440414507772
"1305","30184","Sat",0.293577981651376
"1306","30184","Sun",0.519083969465649
"1307","30184","Thu",0.148648648648649
"1308","30184","Tue",0.114058355437666
"1309","30184","Wed",0.100529100529101
"1310","30185","Fri",0.167400881057269
"1311","30185","Mon",-0.104265402843602
"1312","30185","Sat",0.179775280898876
"1313","30185","Sun",0.121693121693122
"1314","30185","Thu",0.12962962962963
"1315","30185","Tue",0.0884955752212389
"1316","30185","Wed",0.100456621004566
"1317","30186","Fri",0.0747474747474747
"1318","30186","Mon",0.132780082987552
"1319","30186","Sat",0.24945295404814
"1320","30186","Sun",0.224824355971897
"1321","30186","Thu",0.065173116089613
"1322","30186","Tue",0.142259414225941
"1323","30186","Wed",0.106122448979592
"1324","30187","Fri",0.259036144578313
"1325","30187","Mon",0.226973684210526
"1326","30187","Sat",0.173913043478261
"1327","30187","Sun",0.13968253968254
"1328","30187","Thu",0.314189189189189
"1329","30187","Tue",0.160606060606061
"1330","30187","Wed",0.176079734219269
"1331","30188","Fri",-0.0547945205479452
"1332","30188","Mon",-0.115068493150685
"1333","30188","Sat",-0.00364963503649635
"1334","30188","Sun",0.0524475524475524
"1335","30188","Thu",-0.0380434782608696
"1336","30188","Tue",-0.196185286103542
"1337","30188","Wed",-0.164021164021164
"1338","30189","Fri",0.282407407407407
"1339","30189","Mon",0.112612612612613
"1340","30189","Sat",0.100278551532033
"1341","30189","Sun",-0.00571428571428571
"1342","30189","Thu",0.227586206896552
"1343","30189","Tue",0.122685185185185
"1344","30189","Wed",0.106818181818182
"1345","30190","Fri",0
"1346","30190","Mon",0.139130434782609
"1347","30190","Sat",-0.0752688172043011
"1348","30190","Sun",-0.0816326530612245
"1349","30190","Thu",-0.121951219512195
"1350","30190","Tue",0.0476190476190476
"1351","30190","Wed",0.0882352941176471
"1352","30191","Fri",0.104166666666667
"1353","30191","Mon",0.109090909090909
"1354","30191","Sat",0
"1355","30191","Sun",-0.0943396226415094
"1356","30191","Thu",0.0666666666666667
"1357","30191","Tue",0.3
"1358","30191","Wed",-0.0731707317073171
"1359","30192","Fri",-0.472727272727273
"1360","30192","Mon",0.0625
"1361","30192","Sat",0.0638297872340425
"1362","30192","Sun",-0.0392156862745098
"1363","30192","Thu",-0.0602409638554217
"1364","30192","Tue",-0.0227272727272727
"1365","30192","Wed",-0.0537634408602151
"1366","30193","Fri",-0.722222222222222
"1367","30193","Mon",-0.275
"1368","30193","Sat",0.0425531914893617
"1369","30193","Sun",0.45
"1370","30193","Thu",-0.236842105263158
"1371","30193","Tue",-0.229166666666667
"1372","30193","Wed",-0.2
"1373","30194","Fri",0.36036036036036
"1374","30194","Mon",0.205882352941176
"1375","30194","Sat",0.161904761904762
"1376","30194","Sun",0.265822784810127
"1377","30194","Thu",0.073394495412844
"1378","30194","Tue",-0.0112359550561798
"1379","30194","Wed",0.0761904761904762
"1380","30195","Fri",0.224358974358974
"1381","30195","Mon",0.215686274509804
"1382","30195","Sat",0.69
"1383","30195","Sun",0.265486725663717
"1384","30195","Thu",0.591463414634146
"1385","30195","Tue",0.398773006134969
"1386","30195","Wed",0.284023668639053
"1387","30196","Fri",-0.256637168141593
"1388","30196","Mon",-0.092436974789916
"1389","30196","Sat",0.0410958904109589
"1390","30196","Sun",0.194029850746269
"1391","30196","Thu",-0.324786324786325
"1392","30196","Tue",-0.0661157024793388
"1393","30196","Wed",-0.0491803278688525
"1394","30197","Fri",0.0205128205128205
"1395","30197","Mon",0.0764705882352941
"1396","30197","Sat",-0.15625
"1397","30197","Sun",0.235955056179775
"1398","30197","Thu",0.0785340314136126
"1399","30197","Tue",-0.0952380952380952
"1400","30197","Wed",0.0114285714285714
"1401","30198","Fri",-0.933333333333333
"1402","30198","Mon",0
"1403","30198","Sat",-0.166666666666667
"1404","30198","Sun",-0.133333333333333
"1405","30198","Thu",-0.272727272727273
"1406","30198","Tue",0.142857142857143
"1407","30198","Wed",-0.111111111111111
"1408","NRHQ","Fri",-0.135135135135135
"1409","NRHQ","Mon",0.0882352941176471
"1410","NRHQ","Sat",-0.08
"1411","NRHQ","Sun",-0.0416666666666667
"1412","NRHQ","Thu",-0.111111111111111
"1413","NRHQ","Tue",-0.032258064516129
"1414","NRHQ","Wed",0
